0-mail.com,0815.ru,0clickemail.com,10minutemail.com,20minutemail.com,2prong.com,30minutemail.com,3d-painting.com,4warding.com,4warding.net,4warding.org,60minutemail.com,amilegit.com,anonbox.net,anonymbox.com,antispam.de,beefmilk.com,binkmail.com,bio-muesli.net,bobmail.info,bofthew.com,brefmail.com,bsnow.net,bugmenot.com,bumpymail.com,cosmorph.com,courrieltemporaire.com,cubiclink.com,curryworld.de,cust.in,dacoolest.com,dandikmail.com,dayrep.com,deadaddress.com,despam.it,devnullmail.com,discardmail.com,discardmail.de,disposemail.com,dispostable.com,dodgeit.com,dodgit.com,dodgit.org,donemail.ru,dontreg.com,dontsendmespam.de,dump-email.info,dumpyemail.com,e4ward.com,email60.com,emailigo.de,emailinfive.com,emailmiser.com,emailsensei.com,emailtemporario.com.br,emailwarden.com,emailx.at.hm,fakeinbox.com,fakeinformation.com,fastacura.com,filzmail.com,fizmail.com,fr33mail.info,get1mail.com,get2mail.fr,getonemail.com,getonemail.net,gishpuppy.com,great-host.in,guerillamail.com,guerrillamail.com,guerrillamailblock.com,h.mintemail.com,haltospam.com,hochsitze.com,hotpop.com,hulapla.de,ieatspam.eu,ieatspam.info,imails.info,incognitomail.com,incognitomail.net,incognitomail.org,insorg-mail.info,ipoo.org,jetable.com,jetable.net,jetable.org,jnxjn.com,junk1e.com,keepmymail.com,kir.ch.tc,klzlk.com,kulturbetrieb.info,lhsdv.com,litedrop.com,lol.ovpn.to,lookugly.com,lopl.co.cc,m4ilweb.info,mail-temporaire.fr,mail.by,mail4trash.com,mailcatch.com,maileater.com,mailexpire.com,mailin8r.com,mailinator.com,mailinator.net,mailinator2.com,mailme.ir,mailme.lv,mailmetrash.com,mailnator.com,mailnesia.com,mailnull.com,mailslite.com,mailzilla.org,mbx.cc,meltmail.com,messagebeamer.de,mierdamail.com,mintemail.com,moburl.com,monemail.fr.nf,msa.minsmail.com,mt2009.com,mypartyclip.de,myphantomemail.com,mytrashmail.com,nepwk.com,no-spam.ws,nobulk.com,noclickemail.com,nogmailspam.info,nomail2me.com,nomorespamemails.com,nospam4.us,nospamfor.us,nospamthanks.info,notmailinator.com,nowmymail.com,nus.edu.sg,nwldx.com,onewaymail.com,online.ms,ovpn.to,owlpic.com,pjjkp.com,politikerclub.de,pookmail.com,prtnx.com,quickinbox.com,recode.me,regbypass.com,rmqkr.net,rppkn.com,rtrtr.com,s0ny.net,safe-mail.net,safetymail.info,safetypost.de,sandelf.de,saynotospams.com,selfdestructingmail.com,sendspamhere.com,sharklasers.com,shitmail.me,skeefmail.com,slopsbox.com,smellfear.com,snakemail.com,sofimail.com,sofort-mail.de,sogetthis.com,spam.la,spam.su,spamavert.com,spambob.net,spambob.org,spambog.com,spambog.de,spambog.ru,spambox.info,spambox.irishspringrealty.com,spambox.us,spamcero.com,spamday.com,spamfree24.com,spamfree24.de,spamfree24.eu,spamfree24.info,spamfree24.net,spamfree24.org,spamgourmet.com,spamherelots.com,spamhole.com,spamify.com,spaminator.de,spamkill.info,spaml.com,spaml.de,spammotel.com,spamobox.com,spamspot.com,spamthis.co.uk,spamthisplease.com,supergreatmail.com,supermailer.jp,suremail.info,teewars.org,teleworm.com,tempalias.com,tempe-mail.com,tempemail.biz,tempemail.com,tempemail.net,tempinbox.co.uk,tempinbox.com,tempmail.it,tempmail2.com,tempomail.fr,temporarioemail.com.br,temporaryemail.net,temporaryinbox.com,thanksnospam.info,thankyou2010.com,thisisnotmyrealemail.com,throwawayemailaddress.com,tmailinator.com,tradermail.info,trash-amil.com,trash-mail.com,trash-mail.de,trash2009.com,trashemail.de,trashmail.at,trashmail.com,trashmail.net,trashmail.ws,trashmailer.com,trashymail.com,trashymail.net,trillianpro.com,tyldd.com,uggsrock.com,veryrealemail.com,webm4il.info,wegwerfemail.de,wh4f.org,whyspam.me,willselfdestruct.com,wuzupmail.net,yopmail.com,yuurok.com,zehnminutenmail.de,zippymail.info,zoaxe.com
10minutemail.com,disposeamail.com,dontreg.com,e4ward.com,guerrillamail.com,inbox2.info,jetable.com,kasmail.com,killmail.net,maileater.com,mailexpire.com,mailinator.com,mailmoat.com,mytrashmail.com,netmails.net,noclickemail.com,nullbox.info,pookmail.com,shortmail.net,sneakemail.com,spambob.com,spambob.org,spambox.info,spambox.org,spambox.us,spamex.com,spamfree24.net,spamfree24.org,spamgourmet.com,spamhole.com,spammotel.com,tempinbox.com,temporaryforwarding.com,temporaryinbox.com,trashmail.net,xemaps.com,yopmail.com,,,,,,,,,,,,,,,,,,,,,,,,,,,,,,,,,,,,,,,,,,,,,,,,,,,,,,,,,,,,,,,,,,,,,,,,,,,,,,,,,,,,,,,,,,,,,,,,,,,,,,,,,,,,,,,,,,,,,,,,,,,,,,,,,,,,,,,,,,,,,,,,,,,,,,,,,,,,,,,,,,,,,,,,,,,,,,,,,,,,,,,,,,,,,,,,,,,,,,,,,,,,,,,,,,,,,,,,,,,,,
mailed.in,mailinator.com,trash2009.com,mailexpire.com,MailEater.com,jetable.org,onlatedotcom.info,guerrillamailblock.com,spamhole.com,uggsrock.com,TempEMail.net,smapfree24.org,smapfree24.de,smapfree24.info,smapfree24.com,smapfree24.eu,spamspot.com,spam.la,meltmail.com,anonymbox.com,dodgit.com,E4ward.com,GishPuppy.com,haltospam.com,mailnull.com,MintEmail.com,Sneakemail.com,,,,,,,,,,,,,,,,,,,,,,,,,,,,,,,,,,,,,,,,,,,,,,,,,,,,,,,,,,,,,,,,,,,,,,,,,,,,,,,,,,,,,,,,,,,,,,,,,,,,,,,,,,,,,,,,,,,,,,,,,,,,,,,,,,,,,,,,,,,,,,,,,,,,,,,,,,,,,,,,,,,,,,,,,,,,,,,,,,,,,,,,,,,,,,,,,,,,,,,,,,,,,,,,,,,,,,,,,,,,,,,,,,,,,,,
bumpymail.com,bsnow.net,centermail.com,centermail.net,discardmail.com,dodgeit.com,e4ward.com,e-mail.com,email.net,emailias.com,fakeinformation.com,front14.org,ghosttexter.de,jetable.net,kasmail.com,link2mail.net,mailexpire.com,mailinator.com,mailmoat.com,ma1l.bij.pl,messagebeamer.de,mytrashmail.com,nervmich.net,netmails.net,netzidiot.de,nurfuerspam.de,oneoffemail.com,pookmail.com,privacy.net,punkass.com,sify.com,sneakemail.com,sofort-mail.de,sogetthis.com,spam.la,spambob.com,spambob.net,spambob.org,spamex.com,spamgourmet.com,spamhole.com,spaminator.de,spammotel.com,spamtrail.com,tmail.com,trash-mail.de,trashmail.net,wuzup.net,xmail.com,atvclub.msk.ru,tempinbox.com,DingBone.com,FudgeRub.com,BeefMilk.com,LookUgly.com,SmellFear.com,guerrillamailblock.com,mytempemail.com,675hosting.com,675hosting.net,675hosting.org,75hosting.com,75hosting.net,75hosting.org,ajaxapp.net,amiri.net,amiriindustries.com,emailmiser.com,etranquil.com,etranquil.net,etranquil.org,gowikibooks.com,gowikicampus.com,gowikicars.com,gowikifilms.com,gowikigames.com,gowikimusic.com,gowikinetwork.com,gowikitravel.com,gowikitv.com,iwi.net,myspaceinc.com,myspaceinc.net,myspaceinc.org,myspacepimpedup.com,ourklips.com,pimpedupmyspace.com,rklips.com,turual.com,upliftnow.com,uplipht.com,viditag.com,viewcastmedia.com,viewcastmedia.net,viewcastmedia.org,wetrainbayarea.com,wetrainbayarea.org,xagloo.co,,,,,,,,,,,,,,,,,,,,,,,,,,,,,,,,,,,,,,,,,,,,,,,,,,,,,,,,,,,,,,,,,,,,,,,,,,,,,,,,,,,,,,,,,,,,,,,,,,,,,,,,,,,,,,,,,,,,,,,,,,,,,,,,,,,,,,,,,,,,,,,,,,,,,,,,,,,,,,,,
guerillamail.org,getairmail.com,33mail.com,reallymymail.com,mailHazard.com,mailHazard.us,mailHz.me,zebins.com,zebins.eu,amail4.me,mailtothis.com,,,,,,,,,,,,,,,,,,,,,,,,,,,,,,,,,,,,,,,,,,,,,,,,,,,,,,,,,,,,,,,,,,,,,,,,,,,,,,,,,,,,,,,,,,,,,,,,,,,,,,,,,,,,,,,,,,,,,,,,,,,,,,,,,,,,,,,,,,,,,,,,,,,,,,,,,,,,,,,,,,,,,,,,,,,,,,,,,,,,,,,,,,,,,,,,,,,,,,,,,,,,,,,,,,,,,,,,,,,,,,,,,,,,,,,,,,,,,,,,,,,,,,,
armyspy.com,cuvox.de,dayrep.com,einrot.com,fleckens.hu,gustr.com,jourrapide.com,rhyta.com,superrito.com,teleworm.us,,,,,,,,,,,,,,,,,,,,,,,,,,,,,,,,,,,,,,,,,,,,,,,,,,,,,,,,,,,,,,,,,,,,,,,,,,,,,,,,,,,,,,,,,,,,,,,,,,,,,,,,,,,,,,,,,,,,,,,,,,,,,,,,,,,,,,,,,,,,,,,,,,,,,,,,,,,,,,,,,,,,,,,,,,,,,,,,,,,,,,,,,,,,,,,,,,,,,,,,,,,,,,,,,,,,,,,,,,,,,,,,,,,,,,,,,,,,,,,,,,,,,,,,
yopmail.fr,yopmail.net,jetable.fr.nf,nospam.ze.tc,nomail.xl.cx,mega.zik.dj,speed.1s.fr,cool.fr.nf,courriel.fr.nf,moncourrier.fr.nf,monemail.fr.nf,monmail.fr.nf,,,,,,,,,,,,,,,,,,,,,,,,,,,,,,,,,,,,,,,,,,,,,,,,,,,,,,,,,,,,,,,,,,,,,,,,,,,,,,,,,,,,,,,,,,,,,,,,,,,,,,,,,,,,,,,,,,,,,,,,,,,,,,,,,,,,,,,,,,,,,,,,,,,,,,,,,,,,,,,,,,,,,,,,,,,,,,,,,,,,,,,,,,,,,,,,,,,,,,,,,,,,,,,,,,,,,,,,,,,,,,,,,,,,,,,,,,,,,,,,,,,,,,
guerrillamail.com,guerrillamailblock.com,sharklasers.com,guerrillamail.net,guerrillamail.org,guerrillamail.biz,spam4.me,grr.la,guerrillamail.de,,,,,,,,,,,,,,,,,,,,,,,,,,,,,,,,,,,,,,,,,,,,,,,,,,,,,,,,,,,,,,,,,,,,,,,,,,,,,,,,,,,,,,,,,,,,,,,,,,,,,,,,,,,,,,,,,,,,,,,,,,,,,,,,,,,,,,,,,,,,,,,,,,,,,,,,,,,,,,,,,,,,,,,,,,,,,,,,,,,,,,,,,,,,,,,,,,,,,,,,,,,,,,,,,,,,,,,,,,,,,,,,,,,,,,,,,,,,,,,,,,,,,,,,,
spamdecoy.net,dharmatel.net,ntlhelp.net,slave-auctions.net,deadchildren.org,,,,,,,,,,,,,,,,,,,,,,,,,,,,,,,,,,,,,,,,,,,,,,,,,,,,,,,,,,,,,,,,,,,,,,,,,,,,,,,,,,,,,,,,,,,,,,,,,,,,,,,,,,,,,,,,,,,,,,,,,,,,,,,,,,,,,,,,,,,,,,,,,,,,,,,,,,,,,,,,,,,,,,,,,,,,,,,,,,,,,,,,,,,,,,,,,,,,,,,,,,,,,,,,,,,,,,,,,,,,,,,,,,,,,,,,,,,,,,,,,,,,,,,,,,,,,
trbvm.com,drdrb.com,,,,,,,,,,,,,,,,,,,,,,,,,,,,,,,,,,,,,,,,,,,,,,,,,,,,,,,,,,,,,,,,,,,,,,,,,,,,,,,,,,,,,,,,,,,,,,,,,,,,,,,,,,,,,,,,,,,,,,,,,,,,,,,,,,,,,,,,,,,,,,,,,,,,,,,,,,,,,,,,,,,,,,,,,,,,,,,,,,,,,,,,,,,,,,,,,,,,,,,,,,,,,,,,,,,,,,,,,,,,,,,,,,,,,,,,,,,,,,,,,,,,,,,,,,,,,,,,
maildrop.cc,harakirimail.com,,,,,,,,,,,,,,,,,,,,,,,,,,,,,,,,,,,,,,,,,,,,,,,,,,,,,,,,,,,,,,,,,,,,,,,,,,,,,,,,,,,,,,,,,,,,,,,,,,,,,,,,,,,,,,,,,,,,,,,,,,,,,,,,,,,,,,,,,,,,,,,,,,,,,,,,,,,,,,,,,,,,,,,,,,,,,,,,,,,,,,,,,,,,,,,,,,,,,,,,,,,,,,,,,,,,,,,,,,,,,,,,,,,,,,,,,,,,,,,,,,,,,,,,,,,,,,,,
0815.su,0wnd.net,0wnd.org,10minutemail.co.za,10minutemail.de,123-m.com,1chuan.com,1fsdfdsfsdf.tk,1pad.de,1zhuan.com,20mail.it,2fdgdfgdfgdf.tk,3trtretgfrfe.tk,4gfdsgfdgfd.tk,5ghgfhfghfgh.tk,6hjgjhgkilkj.tk,6ip.us,6paq.com,6url.com,7days-printing.com,7tags.com,99experts.com,9ox.net,a-bc.net,a45.in,abcmail.email,acentri.com,advantimo.com,afrobacon.com,ag.us.to,agedmail.com,ahk.jp,alivance.com,ama-trade.de,amail.com,anappthat.com,ano-mail.net,anonmails.de,anonymail.dk,antichef.com,antichef.net,antireg.ru,antispammail.de,appixie.com,artman-conception.com,aver.com,azmeil.tk,baxomale.ht.cx,beddly.com,bigprofessor.so,bigstring.com,blogmyway.org,bodhi.lawlita.com,bootybay.de,boun.cr,bouncr.com,boxformail.in,breakthru.com,brennendesreich.de,broadbandninja.com,bspamfree.org,bu.mintemail.com,buffemail.com,bund.us,bundes-li.ga,burnthespam.info,burstmail.info,buymoreplays.com,buyusedlibrarybooks.org,byom.de,c2.hu,cachedot.net,card.zp.ua,casualdx.com,cbair.com,cek.pm,cellurl.com,chammy.info,cheatmail.de,childsavetrust.org,chogmail.com,choicemail1.com,chong-mail.com,chong-mail.net,chong-mail.org,clixser.com,cmail.com,cmail.net,cmail.org,coldemail.info,consumerriot.com,correo.blogos.net,crapmail.org,crazymailing.com,d3p.dk,daintly.com,dbunker.com,dcemail.com,deadspam.com,deagot.com,dealja.com,delikkt.de,despammed.com,dfgh.net,digitalsanctuary.com,dingbone.com,discard.email,disposableaddress.com,disposableemailaddresses.com,disposableemailaddresses.emailmiser.com,disposableinbox.com,dispose.it,dm.w3internet.co.uk,dm.w3internet.co.ukexample.com,doiea.com,domozmail.com,dotmsg.com,drdrb.net,droplar.com,duam.net,dudmail.com,dumpandjunk.com,dumpmail.de,duskmail.com,e-mail.org,easytrashmail.com,einmalmail.de,einrot.de,eintagsmail.de,emaildienst.de,emailgo.de,emaillime.com,emailproxsy.com,emailtemporanea.com,emailtemporanea.net,emailtemporar.ro,emailthe.net,emailtmp.com,emailto.de,emailxfer.com,emeil.in,emeil.ir,emil.com,emz.net,enterto.com,ephemail.net,ero-tube.org,evopo.com,explodemail.com,express.net.ua,eyepaste.com,fakemail.fr,fakemailz.com,fammix.com,fansworldwide.de,fantasymail.de,fastchevy.com,fastchrysler.com,fastkawasaki.com,fastmazda.com,fastmitsubishi.com,fastnissan.com,fastsubaru.com,fastsuzuki.com,fasttoyota.com,fastyamaha.com,fatflap.com,fdfdsfds.com,fightallspam.com,fiifke.de,fivemail.de,fixmail.tk,flyspam.com,footard.com,forgetmail.com,frapmail.com,freundin.ru,friendlymail.co.uk,fuckingduh.com,fudgerub.com,fux0ringduh.com,fyii.de,garliclife.com,gehensiemirnichtaufdensack.de,gelitik.in,getmails.eu,giantmail.de,girlsundertheinfluence.com,gmial.com,goemailgo.com,gorillaswithdirtyarmpits.com,gotmail.com,gotmail.net,gotmail.org,gotti.otherinbox.com,grandmamail.com,grandmasmail.com,greensloth.com,gsrv.co.uk,guerillamail.biz,guerillamail.net,guerrillamail.info,h8s.org,hacccc.com,hartbot.de,hat-geld.de,hatespam.org,hellodream.mobi,herp.in,hidemail.de,hidzz.com,hmamail.com,hopemail.biz,ieh-mail.de,ihateyoualot.info,iheartspam.org,ikbenspamvrij.nl,imgof.com,imstations.com,inbax.tk,inbox.si,inboxalias.com,inboxclean.com,inboxclean.org,inboxproxy.com,infocom.zp.ua,inoutmail.de,inoutmail.eu,inoutmail.info,inoutmail.net,instant-mail.de,ip6.li,irish2me.com,jsrsolutions.com,kaspop.com,killmail.com,kimsdisk.com,kingsq.ga,klassmaster.com,klassmaster.net,kook.ml,koszmail.pl,kurzepost.de,l33r.eu,lackmail.net,lags.us,lawlita.com,lazyinbox.com,letthemeatspam.com,lifebyfood.com,loadby.us,login-email.ml,lolfreak.net,lortemail.dk,lovemeleaveme.com,lr78.com,lroid.com,lukop.dk
0815.ry,0845.ru,10mail.com,10mail.org,10minut.com.pl,10minutemail.cf,10minutemail.ga,10minutemail.gq,10minutemail.ml,10minutemail.net,10minutesmail.com,10x9.com,12houremail.com,12minutemail.com,12minutemail.net,1mail.ml,3mail.ga,420blaze.it,4mail.cf,4mail.ga,5mail.cf,5mail.ga,6mail.cf,6mail.ga,6mail.ml,7mail.ga,7mail.ml,8127ep.com,8chan.co,8mail.cf,8mail.ga,8mail.ml,9mail.cf,a.mailcker.com,a.vztc.com,abyssmail.com,akapost.com,akerd.com,ama-trans.de,anon-mail.de,antireg.com,antispam24.de,asdasd.ru,b2cmail.de,bio-muesli.info,blackmarket.to,bladesmail.net,boximail.com,br.mintemail.com,bugmenever.com,cam4you.cc,cc.liamria,clrmail.com,cock.li,coieo.com,cumallover.me,deadfake.cf,deadfake.ga,deadfake.ml,deadfake.tk,dicksinhisan.us,dicksinmyan.us,discard.cf,discard.ga,discard.gq,discard.ml,discard.tk,disposable-email.ml,disposable.cf,disposable.ga,disposable.ml,disposableemailaddresses.emailmiser.com,divermail.com,dotman.de,dropcake.de,dropmail.me,edv.to,ee1.pl,ee2.pl,eelmail.com,email-fake.cf,email-fake.ga,email-fake.gq,email-fake.ml,email-fake.tk,emailage.cf,emailage.ga,emailage.gq,emailage.ml,emailage.tk,emails.ga,emailspam.cf,emailspam.ga,emailspam.gq,emailspam.ml,emailspam.tk,emailz.cf,emailz.ga,emailz.gq,emailz.ml,emkei.cf,emkei.ga,emkei.gq,emkei.ml,emkei.tk,example.com,facebook-email.cf,facebook-email.ga,facebook-email.ml,facebookmail.gq,facebookmail.ml,fake-mail.cf,fake-mail.ga,fake-mail.ml,fakedemail.com,fakeinbox.cf,fakeinbox.ga,fakeinbox.ml,fakeinbox.tk,fakemailgenerator.com,film-blog.biz,flurred.com,fly-ts.de,free-email.cf,free-email.ga,freeletter.me,freemail.ms,freemails.cf,freemails.ga,freemails.ml,garbagemail.org,garrifulio.mailexpire.com,gawab.com,geschent.biz,get-mail.cf,get-mail.ga,get-mail.ml,get-mail.tk,getairmail.cf,getairmail.ga,getairmail.gq,getairmail.ml,getairmail.tk,gmal.com,goat.si,gomail.in,guerillamailblock.com,horsefucker.org,hot-mail.cf,hot-mail.ga,hot-mail.gq,hot-mail.ml,hot-mail.tk,hotmai.com,hotmial.com,humaility.com,hush.ai,ignoremail.com,imgv.de,inboxdesign.me,inboxed.im,inboxed.pw,inboxstore.me,iozak.com,is.af,junk.to,junkmail.ga,junkmail.gq,kmhow.com,kostenlosemailadresse.de,landmail.co,lastmail.co,lavabit.com,linuxmail.so,llogin.ru,login-email.cf,login-email.ga,login-email.tk,losemymail.com,loves.dicksinhisan.us,loves.dicksinmyan.us,luckymail.org,mac.hush.com,mail2world.com,maildrop.cf,maildrop.ga,maildrop.gq,maildrop.ml,maildu.de,mailfree.ga,mailfree.gq,mailfree.ml,mailinator.gq,mailita.tk,mailjunk.cf,mailjunk.ga,mailjunk.gq,mailjunk.ml,mailjunk.tk,mailme.gq,mailseal.de,malahov.de,migmail.pl,msb.minsmail.com,mt2015.com,muchomail.com,national.shitposting.agency,nevermail.de,nigge.rs,nmail.cf,nobugmail.com,nobuma.com,ohaaa.de,omail.pro,postonline.me,powered.name,privy-mail.de,put2.net,qasti.com,qisdo.com,qisoa.com,qoika.com,rcs.gaggle.net,receiveee.com,redchan.it,remail.cf,remail.ga,schmeissweg.tk,secmail.pw,secure-mail.cc,server.ms,shut.name,shut.ws,sky-ts.de,sofortmail.de,spambooger.com,spamfighter.cf,spamfighter.ga,spamfighter.gq,spamfighter.ml,spamfighter.tk,sry.li,stop-my-spam.cf,stop-my-spam.ga,stop-my-spam.ml,stop-my-spam.tk,suioe.com,superplatyna.com,tafmail.com,techemail.com,techgroup.me,tempail.com,tfwno.gf,thrma.com,throam.com,tokem.co,tormail.org,trash-mail.cf
PutThisInYourSpamDatabase.com,SendSpamHere.com,SpamHereLots.com,SpamHerePlease.com,,,,,,,,,,,,,,,,,,,,,,,,,,,,,,,,,,,,,,,,,,,,,,,,,,,,,,,,,,,,,,,,,,,,,,,,,,,,,,,,,,,,,,,,,,,,,,,,,,,,,,,,,,,,,,,,,,,,,,,,,,,,,,,,,,,,,,,,,,,,,,,,,,,,,,,,,,,,,,,,,,,,,,,,,,,,,,,,,,,,,,,,,,,,,,,,,,,,,,,,,,,,,,,,,,,,,,,,,,,,,,,,,,,,,,,,,,,,,,,,,,,,,,,,,,,,,,
randomail.net,,,,,,,,,,,,,,,,,,,,,,,,,,,,,,,,,,,,,,,,,,,,,,,,,,,,,,,,,,,,,,,,,,,,,,,,,,,,,,,,,,,,,,,,,,,,,,,,,,,,,,,,,,,,,,,,,,,,,,,,,,,,,,,,,,,,,,,,,,,,,,,,,,,,,,,,,,,,,,,,,,,,,,,,,,,,,,,,,,,,,,,,,,,,,,,,,,,,,,,,,,,,,,,,,,,,,,,,,,,,,,,,,,,,,,,,,,,,,,,,,,,,,,,,,,,,,,,,,
0x207.info,1-8.biz,100likers.com,140unichars.com,147.cl,14n.co.uk,1st-forms.com,1to1mail.org,2120001.net,36ru.com,3l6.com,4-n.us,418.dk,5gramos.com,5oz.ru,5x25.com,672643.net,80665.com,abakiss.com,abusemail.de,academiccommunity.com,adobeccepdm.com,adpugh.org,adsd.org,adwaterandstir.com,aegia.net,aegiscorp.net,aeonpsi.com,agtx.net,al-qaeda.us,aligamel.com,alisongamel.com,alldirectbuy.com,allen.nom.za,allthegoodnamesaretaken.org,alph.wtf,amazon-aws.org,amelabs.com,ampsylike.com,an.id.au,anappfor.com,andthen.us,animesos.com,anonymized.org,anonymousness.com,ansibleemail.com,anthony-junkmail.com,apfelkorps.de,aphlog.com,appc.se,appinventor.nl,aron.us,arroisijewellery.com,arvato-community.de,aschenbrandt.net,ashleyandrew.com,astroempires.info,at0mik.org,augmentationtechnology.com,autorobotica.com,autotwollow.com,axiz.org,azcomputerworks.com,badgerland.eu,badoop.com,basscode.org,bauwerke-online.com,bazaaboom.com,bcast.ws,bearsarefuzzy.com,belljonestax.com,benipaula.org,bestchoiceusedcar.com,bidourlnks.com,bigwhoop.co.za,blip.ch,bluedumpling.info,bluewerks.com,bobmurchison.com,bonobo.email,bookthemmore.com,borged.com,borged.net,borged.org,boxtemp.com.br,brandallday.net,briggsmarcus.com,bspooky.com,btb-notes.com,btc.email,bulrushpress.com,bum.net,bunchofidiots.com,bunsenhoneydew.com,businessbackend.com,businesssuccessislifesuccess.com,buspad.org,buyordie.info,byebyemail.com,byespm.com,californiafitnessdeals.com,chielo.com,chilkat.com,chithinh.com,chumpstakingdumps.com,cigar-auctions.com,ckiso.com,cl-cl.org,cl0ne.net,clandest.in,cnamed.com,cnmsg.net,cnsds.de,codeandscotch.com,codivide.com,compareshippingrates.org,completegolfswing.com,comwest.de,coolandwacky.us,coolimpool.org,crankhole.com,crastination.de,crazymailing.com,crossroadsmail.com,cszbl.com,daemsteam.com,dammexe.net,darkharvestfilms.com,daryxfox.net,dash-pads.com,dataarca.com,datarca.com,datazo.ca,davidkoh.net,davidlcreative.com,dealrek.com,deekayen.us,defomail.com,degradedfun.net,delayload.com,delayload.net,der-kombi.de,derkombi.de,derluxuswagen.de,diapaulpainting.com,digitalmariachis.com,dildosfromspace.com,dispo.in,dodgemail.de,dodsi.com,dolphinnet.net,doquier.tk,dotslashrage.com,douchelounge.com,dozvon-spb.ru,droolingfanboy.de,dspwebservices.com,dukedish.com,durandinterstellar.com,dyceroprojects.com,dz17.net,e3z.de,ebeschlussbuch.de,ebs.com.ar,ecallheandi.com,edinburgh-airporthotels.com,elearningjournal.org,electro.mn,elitevipatlantamodels.com,emailresort.com,emailsingularity.net,ephemeral.email,ericjohnson.ml,esc.la,escapehatchapp.com,esemay.com,esgeneri.com,esprity.com,evanfox.info,exitstageleft.net,eyepaste.com,ezstest.com,f4k.es,fag.wf,failbone.com,faithkills.com,fangoh.com,farrse.co.uk,fasternet.biz,fer-gabon.org,fettometern.com,fictionsite.com,figshot.com,filbert4u.com,filberts4u.com,flowu.com,flyinggeek.net,foobarbot.net,forecastertests.com,forspam.net,foxtrotter.info,freebabysittercam.com,freeblackbootytube.com,freecat.net,freedompop.us,freefattymovies.com,freemail.hu,freeplumpervideos.com,freeschoolgirlvids.com,freesistercam.com,freeteenbums.com,fuckedupload.com,funnycodesnippets.com,furzauflunge.de,g4hdrop.us,galaxy.tv,gamegregious.com,garbagecollector.org,gardenscape.ca,garrymccooey.com,gav0.com,geldwaschmaschine.de,genderfuck.net,giaiphapmuasam.com,ginzi.be,ginzi.co.uk,ginzi.es,ginzi.net,ginzy.co.uk,ginzy.eu,girlsindetention.com,glitch.sx,globaltouron.com,glucosegrin.com,gnctr-calgary.com,gothere.biz,greggamel.com,greggamel.net,gregorsky.zone,gregorygamel.com,gregorygamel.net,gs-arc.org,gsredcross.org,gudanglowongan.com,gynzi.co.uk,gynzi.es,gynzy.at,gynzy.es,gynzy.eu,gynzy.gr,gynzy.info,gynzy.lt,gynzy.mobi,gynzy.pl,gynzy.ro,gynzy.sk,habitue.net,hackthatbit.ch
pooae.com,foxja.com,kloap.com,,,,,,,,,,,,,,,,,,,,,,,,,,,,,,,,,,,,,,,,,,,,,,,,,,,,,,,,,,,,,,,,,,,,,,,,,,,,,,,,,,,,,,,,,,,,,,,,,,,,,,,,,,,,,,,,,,,,,,,,,,,,,,,,,,,,,,,,,,,,,,,,,,,,,,,,,,,,,,,,,,,,,,,,,,,,,,,,,,,,,,,,,,,,,,,,,,,,,,,,,,,,,,,,,,,,,,,,,,,,,,,,,,,,,,,,,,,,,,,,,,,,,,,,,,,,,,,
olypmall.ru,mailzi.ru,vkcode.ru,yhg.biz,cartelera.org,rooftest.net,hostcalls.com,polyfaust.com,binka.me,,,,,,,,,,,,,,,,,,,,,,,,,,,,,,,,,,,,,,,,,,,,,,,,,,,,,,,,,,,,,,,,,,,,,,,,,,,,,,,,,,,,,,,,,,,,,,,,,,,,,,,,,,,,,,,,,,,,,,,,,,,,,,,,,,,,,,,,,,,,,,,,,,,,,,,,,,,,,,,,,,,,,,,,,,,,,,,,,,,,,,,,,,,,,,,,,,,,,,,,,,,,,,,,,,,,,,,,,,,,,,,,,,,,,,,,,,,,,,,,,,,,,,,,,
trbvn.com,pp.ua,,,,,,,,,,,,,,,,,,,,,,,,,,,,,,,,,,,,,,,,,,,,,,,,,,,,,,,,,,,,,,,,,,,,,,,,,,,,,,,,,,,,,,,,,,,,,,,,,,,,,,,,,,,,,,,,,,,,,,,,,,,,,,,,,,,,,,,,,,,,,,,,,,,,,,,,,,,,,,,,,,,,,,,,,,,,,,,,,,,,,,,,,,,,,,,,,,,,,,,,,,,,,,,,,,,,,,,,,,,,,,,,,,,,,,,,,,,,,,,,,,,,,,,,,,,,,,,,
20email.eu,20email.it,,,,,,,,,,,,,,,,,,,,,,,,,,,,,,,,,,,,,,,,,,,,,,,,,,,,,,,,,,,,,,,,,,,,,,,,,,,,,,,,,,,,,,,,,,,,,,,,,,,,,,,,,,,,,,,,,,,,,,,,,,,,,,,,,,,,,,,,,,,,,,,,,,,,,,,,,,,,,,,,,,,,,,,,,,,,,,,,,,,,,,,,,,,,,,,,,,,,,,,,,,,,,,,,,,,,,,,,,,,,,,,,,,,,,,,,,,,,,,,,,,,,,,,,,,,,,,,,
027168.com,1ce.us,20mail.in,24hourmail.com,a.betr.co,ac20mail.in,asdasd.nl,ass.pp.ua,big1.us,c51vsgq.com,ce.mintemail.com,chacuo.net,crazespaces.pw,cx.de-a.org,dlemail.ru,domforfb1.tk,domforfb2.tk,domforfb3.tk,domforfb4.tk,domforfb5.tk,domforfb6.tk,domforfb7.tk,domforfb8.tk,domforfb9.tk,dw.now.im,dx.abuser.eu,dx.allowed.org,dx.awiki.org,dx.ez.lv,dx.sly.io,email.cbes.net,emailisvalid.com,eml.pp.ua,est.une.victime.ninja,fake-email.pp.ua,flemail.ru,fornow.eu,fw.moza.pl,g.hmail.us,get.pp.ua,go.irc.so,humn.ws.gy,inbound.plus,instantemailaddress.com,ip4.pp.ua,ip6.pp.ua,iroid.com,jobbikszimpatizans.hu,jp.ftp.sh,labetteraverouge.at,lastmail.com,loh.pp.ua,lr7.us,luv2.us,m.ddcrew.com,mailsac.com,mfsa.ru,mohmal.com,mor19.uu.gl,ms9.mailslite.com,my.efxs.ca,nospam.wins.com.br,oshietechan.link,phpbb.uu.gl,po.bot.nu,poh.pp.ua,postacin.com,qs.dp76.com,radiku.ye.vc,receiveee.chickenkiller.com,rk9.chickenkiller.com,ruffrey.com,rx.dred.ru,rx.qc.to,scatmail.com,shitmail.de,shotmail.ru,soodomail.com,spam-be-gone.com,spybox.de,sr.ro.lt,ss.undo.it,sudolife.me,sudolife.net,sudomail.biz,sudomail.com,sudomail.net,sudoverse.com,sudoverse.net,sudoweb.net,sudoworld.com,sudoworld.net,t.psh.me,temp-mail.com,temp-mail.de,temp.bartdevos.be,tempmail.co,thrott.com,throwawaymail.com,trayna.com,trbvo.com,ty.ceed.se,unmail.ru,ux.dob.jp,ux.uk.to,vfemail.net,vp.ycare.de,walkmail.ru,we.qq.my,wefjo.grn.cc,wegwerpmailadres.nl,wollan.info,wovz.cu.cc,wr.moeri.org,xing886.uu.gl,xoxox.cc,yert.ye.vc,ze.gally.jp,,,,,,,,,,,,,,,,,,,,,,,,,,,,,,,,,,,,,,,,,,,,,,,,,,,,,,,,,,,,,,,,,,,,,,,,,,,,,,,,,,,,,,,,,,,,,,,,,,,,,,,,,,,,,,,,,,,,,,,,,,,,,,,,,,,,,,,,,,,,
leeching.net,extremail.ru,kismail.ru,divismail.ru,,,,,,,,,,,,,,,,,,,,,,,,,,,,,,,,,,,,,,,,,,,,,,,,,,,,,,,,,,,,,,,,,,,,,,,,,,,,,,,,,,,,,,,,,,,,,,,,,,,,,,,,,,,,,,,,,,,,,,,,,,,,,,,,,,,,,,,,,,,,,,,,,,,,,,,,,,,,,,,,,,,,,,,,,,,,,,,,,,,,,,,,,,,,,,,,,,,,,,,,,,,,,,,,,,,,,,,,,,,,,,,,,,,,,,,,,,,,,,,,,,,,,,,,,,,,,,
www.bccto.me,mail.bccto.me,bccto.me,,,,,,,,,,,,,,,,,,,,,,,,,,,,,,,,,,,,,,,,,,,,,,,,,,,,,,,,,,,,,,,,,,,,,,,,,,,,,,,,,,,,,,,,,,,,,,,,,,,,,,,,,,,,,,,,,,,,,,,,,,,,,,,,,,,,,,,,,,,,,,,,,,,,,,,,,,,,,,,,,,,,,,,,,,,,,,,,,,,,,,,,,,,,,,,,,,,,,,,,,,,,,,,,,,,,,,,,,,,,,,,,,,,,,,,,,,,,,,,,,,,,,,,,,,,,,,,
mail72.com,,,,,,,,,,,,,,,,,,,,,,,,,,,,,,,,,,,,,,,,,,,,,,,,,,,,,,,,,,,,,,,,,,,,,,,,,,,,,,,,,,,,,,,,,,,,,,,,,,,,,,,,,,,,,,,,,,,,,,,,,,,,,,,,,,,,,,,,,,,,,,,,,,,,,,,,,,,,,,,,,,,,,,,,,,,,,,,,,,,,,,,,,,,,,,,,,,,,,,,,,,,,,,,,,,,,,,,,,,,,,,,,,,,,,,,,,,,,,,,,,,,,,,,,,,,,,,,,,
laoeq.com,figjs.com,,,,,,,,,,,,,,,,,,,,,,,,,,,,,,,,,,,,,,,,,,,,,,,,,,,,,,,,,,,,,,,,,,,,,,,,,,,,,,,,,,,,,,,,,,,,,,,,,,,,,,,,,,,,,,,,,,,,,,,,,,,,,,,,,,,,,,,,,,,,,,,,,,,,,,,,,,,,,,,,,,,,,,,,,,,,,,,,,,,,,,,,,,,,,,,,,,,,,,,,,,,,,,,,,,,,,,,,,,,,,,,,,,,,,,,,,,,,,,,,,,,,,,,,,,,,,,,,
0815.ru,0wnd.net,0wnd.org,10mail.org,10minutemail.co.za,10minutemail.com,123-m.com,139.com,188.com,189.cn,1fsdfdsfsdf.tk,1pad.de,20email.eu,20mail.eu,20mail.it,20minutemail.com,21cn.com,2fdgdfgdfgdf.tk,2prong.com,30minutemail.com,33mail.com,3trtretgfrfe.tk,4gfdsgfdgfd.tk,4warding.com,5ghgfhfghfgh.tk,6hjgjhgkilkj.tk,6paq.com,7tags.com,91.200.12.139,91.200.12.141,91.200.12.143,91.200.12.180,91.200.12.19,91.200.12.236,91.200.12.51,91.200.12.63,9ox.net,a-bc.net,abyssmail.com,agedmail.com,alfamailr.org,ama-trade.de,amilegit.com,amiri.net,amiriindustries.com,anappthat.com,anonmails.de,anonymbox.com,antichef.com,antichef.net,antireg.ru,antispam.de,antispammail.de,armyspy.com,artman-conception.com,asdfasdfmail.net,asdfmail.net,asooemail.net,azmeil.tk,baxomale.ht.cx,beefmilk.com,bigstring.com,binkmail.com,bio-muesli.net,bobmail.info,bodhi.lawlita.com,bofthew.com,bootybay.de,boun.cr,bouncr.com,breakthru.com,brefmail.com,bsnow.net,bspamfree.org,bugmenot.com,bund.us,burstmail.info,buymoreplays.com,byom.de,c2.hu,card.zp.ua,casualdx.com,cek.pm,centermail.com,centermail.net,chammy.info,childsavetrust.org,chogmail.com,choicemail1.com,clixser.com,cmail.com,cmail.com,cmail.net,cmail.net,cmail.net,cmail.org,cmail.org,cmail.org,coldemail.info,cool.fr.nf,courriel.fr.nf,courrieltemporaire.com,crapmail.org,curryworld.de,cust.in,cuvox.de,d3p.dk,dacoolest.com,dandikmail.com,dayrep.com,dcemail.com,deadaddress.com,deadspam.com,delikkt.de,despam.it,despammed.com,devnullmail.com,dfgggg.org,dfgh.net,digitalsanctuary.com,dingbone.com,discardmail.com,disposableaddress.com,disposableemailaddresses.com,disposableinbox.com,dispose.it,dispostable.com,dodgeit.com,dodgit.com,donemail.ru,dontreg.com,dontsendmespam.de,drdrb.net,dropmail.me,dump-email.info,dumpandjunk.com,dumpyemail.com,e-mail.com,e-mail.com,e-mail.net,e-mail.org,e-mail.org,e4ward.com,easytrashmail.com,einmalmail.de,einrot.com,eintagsmail.de,emailgo.de,emailias.com,emaillime.com,emailll.org,emailsensei.com,emailtemporanea.com,emailtemporanea.net,emailtemporar.ro,emailtemporario.com.br,emailthe.net,emailtmp.com,emailwarden.com,emailx.at.hm,emailxfer.com,emeil.in,emeil.ir,emz.net,ero-tube.org,evopo.com,explodemail.com,express.net.ua,eyepaste.com,fakeinbox.com,fakeinformation.com,fansworldwide.de,fantasymail.de,fghmail.net,fightallspam.com,filzmail.com,fivemail.de,fleckens.hu,frapmail.com,friendlymail.co.uk,fsfsdf.org,fuckingduh.com,fudgerub.com,fyii.de,garliclife.com,gehensiemirnichtaufdensack.de,get2mail.fr,getairmail.com,getmails.eu,getonemail.com,giantmail.de,girlsundertheinfluence.com,gishpuppy.com,gmial.com,goemailgo.com,gotmail.com,gotmail.com,gotmail.net,gotmail.net,gotmail.net,gotmail.org,gotmail.org,gotti.otherinbox.com,grandmamail.com,great-host.in,greensloth.com,grr.la,gsrv.co.uk,guerillamail.biz,guerillamail.com,guerrillamail.biz,guerrillamail.com,guerrillamail.de,guerrillamail.info,guerrillamail.net,guerrillamail.org,guerrillamailblock.com,gustr.com,harakirimail.com,hat-geld.de,hatespam.org,herp.in,hidemail.de,hidzz.com,hmamail.com,hopemail.biz,hotpop.com,iaoss.com,ieh-mail.de,ikbenspamvrij.nl,imails.info,inbax.tk,inbox.si,inboxalias.com,inboxclean.com,inboxclean.org,incognitomail.com,infocom.zp.ua,instant-mail.de,ip6.li,irish2me.com,iwi.net,jamit.com.au,jetable.com,jetable.fr.nf,jetable.net,jetable.org,jnxjn.com,jourrapide.com,jsrsolutions.com,kasmail.com,kaspop.com,killmail.com,killmail.net,klassmaster.com,klzlk.com,koszmail.pl,kurzepost.de
mvrht.com,,,,,,,,,,,,,,,,,,,,,,,,,,,,,,,,,,,,,,,,,,,,,,,,,,,,,,,,,,,,,,,,,,,,,,,,,,,,,,,,,,,,,,,,,,,,,,,,,,,,,,,,,,,,,,,,,,,,,,,,,,,,,,,,,,,,,,,,,,,,,,,,,,,,,,,,,,,,,,,,,,,,,,,,,,,,,,,,,,,,,,,,,,,,,,,,,,,,,,,,,,,,,,,,,,,,,,,,,,,,,,,,,,,,,,,,,,,,,,,,,,,,,,,,,,,,,,,,,
emltmp.com,polyfaust.com,zasod.com,lackmail.ru,ispyco.ru,mailspeed.ru,,,,,,,,,,,,,,,,,,,,,,,,,,,,,,,,,,,,,,,,,,,,,,,,,,,,,,,,,,,,,,,,,,,,,,,,,,,,,,,,,,,,,,,,,,,,,,,,,,,,,,,,,,,,,,,,,,,,,,,,,,,,,,,,,,,,,,,,,,,,,,,,,,,,,,,,,,,,,,,,,,,,,,,,,,,,,,,,,,,,,,,,,,,,,,,,,,,,,,,,,,,,,,,,,,,,,,,,,,,,,,,,,,,,,,,,,,,,,,,,,,,,,,,,,,,,
throwam.com,throwawayemail.com,,,,,,,,,,,,,,,,,,,,,,,,,,,,,,,,,,,,,,,,,,,,,,,,,,,,,,,,,,,,,,,,,,,,,,,,,,,,,,,,,,,,,,,,,,,,,,,,,,,,,,,,,,,,,,,,,,,,,,,,,,,,,,,,,,,,,,,,,,,,,,,,,,,,,,,,,,,,,,,,,,,,,,,,,,,,,,,,,,,,,,,,,,,,,,,,,,,,,,,,,,,,,,,,,,,,,,,,,,,,,,,,,,,,,,,,,,,,,,,,,,,,,,,,,,,,,,,,
dsiay.com,,,,,,,,,,,,,,,,,,,,,,,,,,,,,,,,,,,,,,,,,,,,,,,,,,,,,,,,,,,,,,,,,,,,,,,,,,,,,,,,,,,,,,,,,,,,,,,,,,,,,,,,,,,,,,,,,,,,,,,,,,,,,,,,,,,,,,,,,,,,,,,,,,,,,,,,,,,,,,,,,,,,,,,,,,,,,,,,,,,,,,,,,,,,,,,,,,,,,,,,,,,,,,,,,,,,,,,,,,,,,,,,,,,,,,,,,,,,,,,,,,,,,,,,,,,,,,,,,